Source_ID,Date,Publisher,Title,Type,URL,Key_Fact,Quality
SRC001,2024-06-21,India Code,"Public Examinations (Prevention of Unfair Means) Act, 2024 - enforcement",Official law,https://www.indiacode.nic.in/indiacode/handle/123456789/20100?col=123456789%2F1362&view_type=search,Act 1 of 2024; enactment 12-Feb-2024; enforcement date 21-Jun-2024.,High
SRC002,2026-05-02,National Testing Agency,NTA Fully Prepared for Smooth and Secure Conduct of NEET (UG) 2026,Official press release,https://www.nta.ac.in/Download/Notice/Notice_20260502215114.pdf,"22.79 lakh candidates; 5,432+ centres; 551 Indian cities and 14 abroad; 6,000+ observers; 2 lakh+ personnel; layered security.",High
SRC003,2026-05-10,National Testing Agency,NTA statement on alleged NEET (UG) 2026 irregularities,Official press release,https://cdnbbsr.s3waas.gov.in/s37bc1ec1d9c3426357e69acd5bf320061/uploads/2026/05/20260510635720867.pdf,NTA said it received inputs about alleged malpractice on 7-May-2026 and escalated them to central agencies on 8-May-2026; investigation was ongoing.,High
SRC004,2026-05-12,Press Information Bureau,CBI Registers Case in alleged Paper Leak in NEET-UG 2026,Official press release,https://www.pib.gov.in/PressReleasePage.aspx?PRID=2260410&lang=2&reg=48,CBI registered a case concerning alleged unauthorized circulation of NEET-UG 2026 examination documents.,High
SRC005,2026-05-14,Press Information Bureau,CBI arrests two more accused in NEET-UG 2026 paper leak case,Official press release,https://www.pib.gov.in/PressReleasePage.aspx?PRID=2261190&lang=2&reg=48,"Two additional arrests were announced, including an accused from Pune.",High
SRC006,2026-05-15,Press Information Bureau,CBI arrests kingpin in NEET-UG 2026 paper leak case,Official press release,https://www.pib.gov.in/PressReleasePage.aspx?PRID=2261565&lang=2&reg=48,PIB reported that the investigation identified an alleged source with access to question papers and activity connected to Pune.,High
SRC007,2026-05-16,Press Information Bureau,CBI arrests another accused connected with Biology questions,Official press release,https://www.pib.gov.in/PressReleasePage.aspx?PRID=2261767&lang=2&reg=48,PIB reported another arrest involving a senior teacher from Pune and alleged access to Biology/Zoology papers.,High
SRC008,2026-05-18,Press Information Bureau,CBI arrests coaching institute owner in NEET-UG 2026 paper leak case,Official press release,https://www.pib.gov.in/PressReleasePage.aspx?PRID=2262358&lang=2&reg=48,PIB reported a 10th arrest by 18-May-2026 and searches at multiple locations.,High
SRC009,2026-05-27,Press Information Bureau,CBI arrests two more persons in NEET-UG 2026 paper leak case,Official press release,https://www.pib.gov.in/PressReleaseIframePage.aspx?PRID=2265721&lang=2&reg=3,"PIB reported 13 arrests and 49 searches by 27-May-2026; investigation into Chemistry, Biology and Physics question chains continued.",High
SRC010,2025-07-24,The Indian Express,SSC Selection Post Phase 13 exam disruptions,Secondary reporting / RTI context,https://indianexpress.com/article/education/ssc-selection-post-phase-13-exam-no-data-available-on-candidates-affected-by-centre-changes-tech-failures-10888490/lite/,"The 2025 exam was reported as affected by cancellations, server crashes, unresponsive systems and centre changes.",Medium
SRC011,2026-09-22,The Indian Express,SSC says no data on candidates affected by centre changes and tech failures,Secondary reporting / CIC-RTI,https://indianexpress.com/article/education/ssc-selection-post-phase-13-exam-no-data-available-on-candidates-affected-by-centre-changes-tech-failures-10888490/lite/,"SSC told the CIC that specific data on affected candidates was not available in the relevant section; re-examinations were conducted for 76,153 affected candidates.",Medium
SRC012,2026-07-30,Press Information Bureau,Rajya Sabha passes Public Examinations Amendment Bill 2026,Official press release,https://www.pib.gov.in/PressReleasePage.aspx?PRID=2292127&lang=1&reg=48,Bill passed Rajya Sabha; official release described broader coverage of unfair means and said 35 of 46 expert-committee recommendations had been implemented.,High
SRC013,2026-07-27,Press Information Bureau,Public Examinations Amendment Bill introduced in Lok Sabha,Official press release,https://www.pib.gov.in/PressReleasePage.aspx?PRID=2290080&lang=1&reg=48,"Bill proposed fast-tracked investigation, Special Fast Track Courts, Special Public Prosecutors and stronger penalties.",High
SRC014,2026-06-21,National Testing Agency,NEET-UG 2026 re-examination document trail,Official examination documents index,https://neet.nta.nic.in/documents/page/3/,"NTA published re-examination notices, venue changes and biometric exception guidance for the 21-Jun-2026 re-examination.",High
SRC015,2025-01-01,National Testing Agency,"NTA tender ecosystem for biometric, CCTV, frisking and security/surveillance",Official procurement page,https://nta.ac.in/Tender,"NTA procurement page lists requirements for biometric, CCTV, frisking/crowd management and security/surveillance services.",High
