Centre_ID,City,State,Exam_Date,Exam_Type,Candidates_Assigned,Attendance_Pct,CCTV_Uptime_Pct,Biometric_Exception_Pct,Network_Downtime_Min,Frisking_Compliance_Pct,Chain_of_Custody_Pct,Staff_Attendance_Pct,Incident_Count,Complaint_Count,Incident_Response_Hours,Proposed_Risk_Score,Risk_Band,Priority_Action,Data_Status
C001,Jaipur,Rajasthan,2026-05-08,NEET-UG-style centre day,381,91.6,96.8,0.78,121,99.4,100.0,88.6,2,5,11.3,15.7,Low,Routine monitoring,Synthetic - portfolio illustration only
C002,Jaipur,Rajasthan,2026-05-03,NEET-UG-style centre day,534,90.8,96.6,3.09,213,92.7,93.3,86.8,2,5,17.2,30.2,High,Regional review,Synthetic - portfolio illustration only
C003,Hyderabad,Telangana,2026-05-06,NEET-UG-style centre day,316,89.9,85.6,3.4,112,95.1,95.4,86.5,4,8,13.9,27.6,Watch,Monitor trend,Synthetic - portfolio illustration only
C004,Lucknow,Uttar Pradesh,2026-05-04,NEET-UG-style centre day,328,95.2,96.9,5.51,200,94.5,91.1,91.7,3,6,13.6,37.4,Critical,Immediate control review,Synthetic - portfolio illustration only
C005,Kolkata,West Bengal,2026-05-03,NEET-UG-style centre day,486,97.0,99.0,3.23,56,94.9,94.0,87.1,4,15,18.4,19.9,Watch,Monitor trend,Synthetic - portfolio illustration only
C006,Pune,Maharashtra,2026-05-10,NEET-UG-style centre day,300,97.0,95.7,2.65,65,99.8,99.1,95.3,0,0,7.4,15.2,Low,Routine monitoring,Synthetic - portfolio illustration only
C007,Mumbai,Maharashtra,2026-05-05,NEET-UG-style centre day,432,94.7,82.3,2.96,90,99.1,97.5,93.6,0,0,7.0,21.8,Watch,Monitor trend,Synthetic - portfolio illustration only
C008,Pune,Maharashtra,2026-05-03,NEET-UG-style centre day,402,89.9,98.6,0.77,99,99.7,91.0,97.8,0,3,15.2,13.3,Low,Routine monitoring,Synthetic - portfolio illustration only
C009,Delhi,Delhi,2026-05-05,NEET-UG-style centre day,356,89.3,99.2,1.48,128,97.2,99.7,93.6,3,5,17.3,18.2,Watch,Monitor trend,Synthetic - portfolio illustration only
C010,Chennai,Tamil Nadu,2026-05-04,NEET-UG-style centre day,521,95.7,87.3,1.73,116,98.5,90.2,92.3,0,2,5.3,20.9,Watch,Monitor trend,Synthetic - portfolio illustration only
C011,Mumbai,Maharashtra,2026-05-06,NEET-UG-style centre day,322,97.3,85.0,5.71,98,91.4,98.8,93.0,4,5,23.1,32.7,High,Regional review,Synthetic - portfolio illustration only
C012,Patna,Bihar,2026-05-07,NEET-UG-style centre day,425,98.2,97.7,5.16,82,91.8,91.9,89.2,1,3,1.3,27.2,Watch,Monitor trend,Synthetic - portfolio illustration only
C013,Kolkata,West Bengal,2026-05-09,NEET-UG-style centre day,538,94.7,99.4,1.6,191,98.5,98.4,94.9,5,10,22.3,23.9,Watch,Monitor trend,Synthetic - portfolio illustration only
C014,Delhi,Delhi,2026-05-08,NEET-UG-style centre day,305,91.3,96.8,3.78,154,96.1,90.6,85.3,3,5,10.7,30.2,High,Regional review,Synthetic - portfolio illustration only
C015,Delhi,Delhi,2026-05-07,NEET-UG-style centre day,362,96.0,88.2,4.1,187,95.5,99.6,86.3,3,9,17.0,34.3,High,Regional review,Synthetic - portfolio illustration only
C016,Chennai,Tamil Nadu,2026-05-03,NEET-UG-style centre day,304,93.8,97.2,3.02,201,99.8,98.5,86.2,0,5,7.7,27.5,Watch,Monitor trend,Synthetic - portfolio illustration only
C017,Pune,Maharashtra,2026-05-07,NEET-UG-style centre day,410,95.8,96.8,3.3,171,89.1,90.5,100.0,3,6,14.3,30.3,High,Regional review,Synthetic - portfolio illustration only
C018,Bengaluru,Karnataka,2026-05-06,NEET-UG-style centre day,557,95.1,95.3,2.02,58,90.3,95.8,99.1,1,2,3.4,15.0,Low,Routine monitoring,Synthetic - portfolio illustration only
C019,Hyderabad,Telangana,2026-05-09,NEET-UG-style centre day,329,91.3,93.0,5.97,78,95.7,93.3,99.5,1,2,8.7,28.6,High,Regional review,Synthetic - portfolio illustration only
C020,Hyderabad,Telangana,2026-05-07,NEET-UG-style centre day,461,97.5,98.9,2.13,37,98.0,95.3,91.7,1,4,20.7,12.2,Low,Routine monitoring,Synthetic - portfolio illustration only
C021,Bengaluru,Karnataka,2026-05-04,NEET-UG-style centre day,422,92.1,99.4,5.47,149,93.0,95.2,94.3,3,10,8.1,33.7,High,Regional review,Synthetic - portfolio illustration only
C022,Bengaluru,Karnataka,2026-05-08,NEET-UG-style centre day,522,94.2,88.9,1.1,99,98.4,94.3,96.3,0,0,1,16.0,Low,Routine monitoring,Synthetic - portfolio illustration only
C023,Bengaluru,Karnataka,2026-05-10,NEET-UG-style centre day,290,95.2,89.0,5.45,95,95.9,96.0,97.9,1,5,13.1,29.3,High,Regional review,Synthetic - portfolio illustration only
C024,Delhi,Delhi,2026-05-05,NEET-UG-style centre day,304,94.3,87.3,2.21,23,98.6,96.6,96.6,0,1,12.8,12.6,Low,Routine monitoring,Synthetic - portfolio illustration only
C025,Bengaluru,Karnataka,2026-05-04,NEET-UG-style centre day,540,95.8,86.2,4.35,150,88.4,99.3,92.2,2,5,12.1,32.9,High,Regional review,Synthetic - portfolio illustration only
C026,Pune,Maharashtra,2026-05-03,NEET-UG-style centre day,463,94.2,87.0,3.27,222,90.3,93.6,88.5,5,10,13.0,34.3,High,Regional review,Synthetic - portfolio illustration only
C027,Chennai,Tamil Nadu,2026-05-05,NEET-UG-style centre day,371,97.9,96.3,1.74,77,88.6,95.5,86.3,0,0,1,16.5,Low,Routine monitoring,Synthetic - portfolio illustration only
C028,Bengaluru,Karnataka,2026-05-06,NEET-UG-style centre day,338,94.8,90.1,2.36,105,95.1,91.0,87.5,2,6,20.6,22.8,Watch,Monitor trend,Synthetic - portfolio illustration only
C029,Kolkata,West Bengal,2026-05-08,NEET-UG-style centre day,414,92.5,90.6,4.46,58,98.8,90.3,85.4,6,12,35.8,26.0,Watch,Monitor trend,Synthetic - portfolio illustration only
C030,Pune,Maharashtra,2026-05-09,NEET-UG-style centre day,326,99.2,95.1,4.08,109,90.7,94.9,96.7,1,4,17.3,26.2,Watch,Monitor trend,Synthetic - portfolio illustration only
C031,Mumbai,Maharashtra,2026-05-08,NEET-UG-style centre day,530,95.4,90.9,5.7,123,99.4,91.5,85.4,0,5,17.8,33.1,High,Regional review,Synthetic - portfolio illustration only
C032,Bengaluru,Karnataka,2026-05-07,NEET-UG-style centre day,519,94.4,96.9,2.59,231,98.3,91.0,99.3,1,5,12.4,26.9,Watch,Monitor trend,Synthetic - portfolio illustration only
C033,Delhi,Delhi,2026-05-04,NEET-UG-style centre day,363,99.0,98.5,4.56,236,99.1,99.7,90.5,4,9,20.1,32.7,High,Regional review,Synthetic - portfolio illustration only
C034,Jaipur,Rajasthan,2026-05-10,NEET-UG-style centre day,394,93.4,95.0,1.13,1,94.7,99.0,96.3,4,10,25.5,7.7,Low,Routine monitoring,Synthetic - portfolio illustration only
C035,Pune,Maharashtra,2026-05-03,NEET-UG-style centre day,503,95.9,85.8,2.44,31,99.0,98.1,97.5,5,11,26.6,16.0,Low,Routine monitoring,Synthetic - portfolio illustration only
C036,Hyderabad,Telangana,2026-05-07,NEET-UG-style centre day,481,90.1,94.0,0.25,131,95.0,91.4,91.3,1,3,6.2,17.1,Low,Routine monitoring,Synthetic - portfolio illustration only
C037,Kolkata,West Bengal,2026-05-05,NEET-UG-style centre day,533,97.7,94.8,3.66,133,90.7,97.1,91.0,3,8,14.0,28.0,High,Regional review,Synthetic - portfolio illustration only
C038,Pune,Maharashtra,2026-05-06,NEET-UG-style centre day,481,98.6,84.0,3.34,134,98.5,98.0,90.4,5,8,16.4,28.7,High,Regional review,Synthetic - portfolio illustration only
C039,Delhi,Delhi,2026-05-05,NEET-UG-style centre day,434,93.8,84.5,0.49,16,88.9,94.2,97.0,5,10,21.7,11.3,Low,Routine monitoring,Synthetic - portfolio illustration only
C040,Kolkata,West Bengal,2026-05-06,NEET-UG-style centre day,512,97.8,89.4,2.8,103,91.1,98.6,98.2,0,3,2.9,21.9,Watch,Monitor trend,Synthetic - portfolio illustration only
C041,Pune,Maharashtra,2026-05-04,NEET-UG-style centre day,434,97.8,83.7,4.6,55,98.0,93.2,98.8,1,2,15.7,24.2,Watch,Monitor trend,Synthetic - portfolio illustration only
C042,Jaipur,Rajasthan,2026-05-03,NEET-UG-style centre day,436,96.4,87.0,0.61,51,99.2,96.3,85.3,2,8,18.4,12.3,Low,Routine monitoring,Synthetic - portfolio illustration only
C043,Patna,Bihar,2026-05-03,NEET-UG-style centre day,473,97.9,86.3,3.88,142,96.5,95.8,85.2,4,7,17.7,31.3,High,Regional review,Synthetic - portfolio illustration only
C044,Patna,Bihar,2026-05-08,NEET-UG-style centre day,435,89.9,100.0,3.23,223,90.7,95.1,89.3,0,0,9.5,28.8,High,Regional review,Synthetic - portfolio illustration only
C045,Kolkata,West Bengal,2026-05-08,NEET-UG-style centre day,485,97.1,95.5,3.57,107,99.0,96.9,93.7,1,8,9.3,23.3,Watch,Monitor trend,Synthetic - portfolio illustration only
C046,Pune,Maharashtra,2026-05-04,NEET-UG-style centre day,327,97.3,87.3,2.09,69,90.6,95.5,87.7,6,13,18.1,21.0,Watch,Monitor trend,Synthetic - portfolio illustration only
C047,Chennai,Tamil Nadu,2026-05-03,NEET-UG-style centre day,361,93.5,89.6,4.87,47,88.5,95.8,86.5,3,9,11.4,26.2,Watch,Monitor trend,Synthetic - portfolio illustration only
C048,Patna,Bihar,2026-05-05,NEET-UG-style centre day,388,95.3,97.4,0.86,102,89.5,91.6,85.3,1,3,6.0,16.9,Low,Routine monitoring,Synthetic - portfolio illustration only
C049,Pune,Maharashtra,2026-05-03,NEET-UG-style centre day,530,98.3,91.3,3.0,28,88.5,93.1,92.1,0,4,9.8,17.3,Low,Routine monitoring,Synthetic - portfolio illustration only
C050,Delhi,Delhi,2026-05-10,NEET-UG-style centre day,341,92.9,99.3,4.34,235,88.1,96.1,87.1,0,1,8.0,32.8,High,Regional review,Synthetic - portfolio illustration only
C051,Jaipur,Rajasthan,2026-05-09,NEET-UG-style centre day,534,92.4,94.6,3.98,172,98.5,100.0,99.5,0,3,2.4,28.9,High,Regional review,Synthetic - portfolio illustration only
C052,Pune,Maharashtra,2026-05-03,NEET-UG-style centre day,443,94.0,83.6,2.76,146,99.8,93.0,91.6,1,7,15.7,27.5,Watch,Monitor trend,Synthetic - portfolio illustration only
C053,Kolkata,West Bengal,2026-05-05,NEET-UG-style centre day,367,91.0,84.4,3.05,172,90.6,90.8,87.4,1,6,18.1,32.6,High,Regional review,Synthetic - portfolio illustration only
C054,Jaipur,Rajasthan,2026-05-03,NEET-UG-style centre day,497,89.4,88.6,5.81,26,96.2,98.3,93.5,0,2,4.7,23.8,Watch,Monitor trend,Synthetic - portfolio illustration only
C055,Lucknow,Uttar Pradesh,2026-05-09,NEET-UG-style centre day,378,97.7,87.9,2.29,233,95.9,90.4,96.4,0,4,15.1,28.3,High,Regional review,Synthetic - portfolio illustration only
C056,Pune,Maharashtra,2026-05-03,NEET-UG-style centre day,529,90.7,88.9,1.87,166,99.9,99.0,86.6,3,9,16.0,25.6,Watch,Monitor trend,Synthetic - portfolio illustration only
C057,Kolkata,West Bengal,2026-05-05,NEET-UG-style centre day,299,98.1,88.9,4.41,25,98.9,94.8,98.6,1,7,1.2,19.8,Watch,Monitor trend,Synthetic - portfolio illustration only
C058,Kolkata,West Bengal,2026-05-07,NEET-UG-style centre day,465,90.4,89.9,3.01,135,93.3,96.7,98.3,2,7,8.4,26.1,Watch,Monitor trend,Synthetic - portfolio illustration only
C059,Chennai,Tamil Nadu,2026-05-07,NEET-UG-style centre day,344,95.2,87.8,1.74,115,90.1,95.7,89.8,2,9,12.8,22.5,Watch,Monitor trend,Synthetic - portfolio illustration only
C060,Jaipur,Rajasthan,2026-05-09,NEET-UG-style centre day,399,95.4,98.8,3.42,134,95.4,94.8,85.2,3,10,21.0,26.8,Watch,Monitor trend,Synthetic - portfolio illustration only
C061,Lucknow,Uttar Pradesh,2026-05-06,NEET-UG-style centre day,519,99.1,89.6,2.05,158,92.4,95.9,87.2,2,6,11.2,26.4,Watch,Monitor trend,Synthetic - portfolio illustration only
C062,Chennai,Tamil Nadu,2026-05-08,NEET-UG-style centre day,286,95.2,98.7,3.8,140,96.9,98.9,96.6,2,6,18.7,26.1,Watch,Monitor trend,Synthetic - portfolio illustration only
C063,Mumbai,Maharashtra,2026-05-03,NEET-UG-style centre day,382,97.6,89.5,1.33,25,97.5,95.1,97.9,5,15,32.7,12.4,Low,Routine monitoring,Synthetic - portfolio illustration only
C064,Bengaluru,Karnataka,2026-05-05,NEET-UG-style centre day,320,93.5,83.4,0.16,172,95.3,92.8,90.2,1,1,16.8,22.4,Watch,Monitor trend,Synthetic - portfolio illustration only
C065,Patna,Bihar,2026-05-05,NEET-UG-style centre day,444,99.1,87.8,0.24,151,96.2,94.9,89.0,1,6,1.9,19.9,Watch,Monitor trend,Synthetic - portfolio illustration only
C066,Jaipur,Rajasthan,2026-05-07,NEET-UG-style centre day,536,96.2,99.1,2.02,26,99.2,90.1,86.9,6,15,19.4,14.1,Low,Routine monitoring,Synthetic - portfolio illustration only
C067,Bengaluru,Karnataka,2026-05-09,NEET-UG-style centre day,555,98.7,90.1,2.39,72,98.7,93.4,96.5,1,3,15.9,17.8,Low,Routine monitoring,Synthetic - portfolio illustration only
C068,Delhi,Delhi,2026-05-05,NEET-UG-style centre day,497,90.2,88.3,5.95,127,90.7,94.1,95.6,2,7,5.6,35.6,Critical,Immediate control review,Synthetic - portfolio illustration only
C069,Mumbai,Maharashtra,2026-05-08,NEET-UG-style centre day,294,96.0,83.0,0.36,145,93.5,92.4,87.0,3,9,9.4,22.5,Watch,Monitor trend,Synthetic - portfolio illustration only
C070,Jaipur,Rajasthan,2026-05-08,NEET-UG-style centre day,500,92.6,86.1,3.66,47,90.9,91.0,89.8,0,0,5.1,21.9,Watch,Monitor trend,Synthetic - portfolio illustration only
C071,Hyderabad,Telangana,2026-05-03,NEET-UG-style centre day,369,91.6,92.1,1.6,171,92.8,96.6,94.7,5,7,16.8,25.7,Watch,Monitor trend,Synthetic - portfolio illustration only
C072,Lucknow,Uttar Pradesh,2026-05-04,NEET-UG-style centre day,517,92.1,95.6,0.52,214,89.1,94.4,98.1,0,3,10.5,21.6,Watch,Monitor trend,Synthetic - portfolio illustration only
C073,Jaipur,Rajasthan,2026-05-09,NEET-UG-style centre day,488,89.5,91.2,5.7,180,99.0,96.1,96.2,4,8,17.5,37.8,Critical,Immediate control review,Synthetic - portfolio illustration only
C074,Mumbai,Maharashtra,2026-05-05,NEET-UG-style centre day,521,94.6,97.9,1.03,53,93.7,91.7,89.5,1,2,12.6,11.9,Low,Routine monitoring,Synthetic - portfolio illustration only
C075,Pune,Maharashtra,2026-05-04,NEET-UG-style centre day,327,98.2,84.6,0.53,162,92.1,90.8,92.6,0,2,5.1,22.9,Watch,Monitor trend,Synthetic - portfolio illustration only
C076,Hyderabad,Telangana,2026-05-03,NEET-UG-style centre day,372,94.0,99.1,1.71,95,97.9,98.3,94.0,3,7,13.7,16.2,Low,Routine monitoring,Synthetic - portfolio illustration only
C077,Mumbai,Maharashtra,2026-05-05,NEET-UG-style centre day,314,97.1,91.1,5.18,60,92.8,96.6,95.6,5,9,25.4,26.9,Watch,Monitor trend,Synthetic - portfolio illustration only
C078,Patna,Bihar,2026-05-09,NEET-UG-style centre day,408,95.2,95.3,0.15,71,93.5,90.0,93.8,1,2,13.7,11.4,Low,Routine monitoring,Synthetic - portfolio illustration only
C079,Mumbai,Maharashtra,2026-05-08,NEET-UG-style centre day,442,95.2,98.1,4.67,108,99.9,98.2,94.3,1,5,14.0,25.4,Watch,Monitor trend,Synthetic - portfolio illustration only
C080,Patna,Bihar,2026-05-08,NEET-UG-style centre day,281,93.2,86.5,0.29,142,92.8,93.8,85.9,1,5,11.4,20.4,Watch,Monitor trend,Synthetic - portfolio illustration only
C081,Jaipur,Rajasthan,2026-05-07,NEET-UG-style centre day,471,90.9,82.0,3.3,30,89.5,97.0,87.5,1,5,6.1,20.3,Watch,Monitor trend,Synthetic - portfolio illustration only
C082,Patna,Bihar,2026-05-04,NEET-UG-style centre day,347,96.6,91.8,2.22,167,95.2,93.3,99.4,3,5,12.5,26.4,Watch,Monitor trend,Synthetic - portfolio illustration only
C083,Pune,Maharashtra,2026-05-05,NEET-UG-style centre day,313,97.9,94.3,2.22,70,96.4,92.9,92.0,3,8,25.7,17.9,Low,Routine monitoring,Synthetic - portfolio illustration only
C084,Mumbai,Maharashtra,2026-05-10,NEET-UG-style centre day,344,98.8,94.3,4.24,116,89.1,95.5,86.6,0,2,1,28.0,High,Regional review,Synthetic - portfolio illustration only
C085,Bengaluru,Karnataka,2026-05-03,NEET-UG-style centre day,557,97.8,94.8,0.17,94,94.2,97.9,92.2,0,1,2.0,12.0,Low,Routine monitoring,Synthetic - portfolio illustration only
C086,Delhi,Delhi,2026-05-06,NEET-UG-style centre day,491,90.8,95.1,1.21,105,97.2,92.1,86.6,1,4,1.2,17.4,Low,Routine monitoring,Synthetic - portfolio illustration only
C087,Lucknow,Uttar Pradesh,2026-05-10,NEET-UG-style centre day,445,92.2,89.5,1.75,151,93.2,92.0,99.7,3,7,14.1,24.7,Watch,Monitor trend,Synthetic - portfolio illustration only
C088,Jaipur,Rajasthan,2026-05-07,NEET-UG-style centre day,543,94.1,82.3,0.87,36,91.8,92.8,98.3,0,2,7.6,12.5,Low,Routine monitoring,Synthetic - portfolio illustration only
C089,Chennai,Tamil Nadu,2026-05-09,NEET-UG-style centre day,414,94.8,99.7,0.11,234,93.3,96.4,87.4,3,7,9.2,20.4,Watch,Monitor trend,Synthetic - portfolio illustration only
C090,Lucknow,Uttar Pradesh,2026-05-04,NEET-UG-style centre day,545,91.7,85.2,3.81,89,93.0,93.9,87.0,4,9,14.9,27.5,Watch,Monitor trend,Synthetic - portfolio illustration only
C091,Chennai,Tamil Nadu,2026-05-09,NEET-UG-style centre day,463,96.0,87.0,0.54,148,99.8,93.2,94.0,0,3,9.1,19.5,Watch,Monitor trend,Synthetic - portfolio illustration only
C092,Patna,Bihar,2026-05-08,NEET-UG-style centre day,368,97.6,95.5,5.9,11,89.0,92.6,91.3,4,9,16.9,25.1,Watch,Monitor trend,Synthetic - portfolio illustration only
C093,Hyderabad,Telangana,2026-05-07,NEET-UG-style centre day,370,93.6,95.0,4.54,77,91.0,91.6,99.6,1,2,14.1,24.8,Watch,Monitor trend,Synthetic - portfolio illustration only
C094,Pune,Maharashtra,2026-05-04,NEET-UG-style centre day,329,91.1,99.4,0.3,36,99.8,94.6,90.2,2,6,12.8,6.9,Low,Routine monitoring,Synthetic - portfolio illustration only
C095,Lucknow,Uttar Pradesh,2026-05-07,NEET-UG-style centre day,348,96.3,83.1,0.5,67,88.4,97.1,87.7,5,9,21.2,16.5,Low,Routine monitoring,Synthetic - portfolio illustration only
C096,Jaipur,Rajasthan,2026-05-05,NEET-UG-style centre day,543,94.0,95.5,3.19,176,98.3,91.2,87.3,3,10,8.9,30.5,High,Regional review,Synthetic - portfolio illustration only
C097,Lucknow,Uttar Pradesh,2026-05-07,NEET-UG-style centre day,536,93.2,96.8,2.39,30,92.5,91.6,89.9,4,14,20.3,16.1,Low,Routine monitoring,Synthetic - portfolio illustration only
C098,Jaipur,Rajasthan,2026-05-04,NEET-UG-style centre day,290,92.5,98.2,3.34,124,92.7,94.9,99.7,2,9,17.7,24.7,Watch,Monitor trend,Synthetic - portfolio illustration only
C099,Kolkata,West Bengal,2026-05-10,NEET-UG-style centre day,332,97.9,98.7,4.49,8,89.2,93.9,89.3,2,7,6.0,19.1,Watch,Monitor trend,Synthetic - portfolio illustration only
C100,Delhi,Delhi,2026-05-03,NEET-UG-style centre day,536,90.7,89.0,1.03,25,90.4,94.1,95.2,3,4,2.1,11.7,Low,Routine monitoring,Synthetic - portfolio illustration only
C101,Delhi,Delhi,2026-05-08,NEET-UG-style centre day,294,98.1,90.8,4.11,204,96.4,96.1,93.5,1,2,10.7,32.5,High,Regional review,Synthetic - portfolio illustration only
C102,Pune,Maharashtra,2026-05-06,NEET-UG-style centre day,298,94.4,85.4,1.09,230,99.2,94.6,89.5,0,1,12.2,24.4,Watch,Monitor trend,Synthetic - portfolio illustration only
C103,Kolkata,West Bengal,2026-05-03,NEET-UG-style centre day,470,96.3,91.1,4.46,214,99.8,92.6,98.1,1,3,9.1,33.2,High,Regional review,Synthetic - portfolio illustration only
C104,Delhi,Delhi,2026-05-05,NEET-UG-style centre day,323,89.6,98.4,3.85,218,92.2,93.9,95.9,1,3,11.9,31.0,High,Regional review,Synthetic - portfolio illustration only
C105,Pune,Maharashtra,2026-05-07,NEET-UG-style centre day,400,99.6,83.3,4.07,125,99.0,95.8,92.1,0,0,12.0,28.5,High,Regional review,Synthetic - portfolio illustration only
C106,Pune,Maharashtra,2026-05-09,NEET-UG-style centre day,445,93.7,97.1,5.59,52,90.7,97.7,96.1,1,4,11.8,24.8,Watch,Monitor trend,Synthetic - portfolio illustration only
C107,Hyderabad,Telangana,2026-05-07,NEET-UG-style centre day,352,91.1,97.3,1.53,97,93.6,97.1,95.6,3,10,10.7,17.2,Low,Routine monitoring,Synthetic - portfolio illustration only
C108,Lucknow,Uttar Pradesh,2026-05-06,NEET-UG-style centre day,310,90.3,86.3,4.46,156,98.1,91.6,91.7,0,0,2.3,32.6,High,Regional review,Synthetic - portfolio illustration only
C109,Hyderabad,Telangana,2026-05-07,NEET-UG-style centre day,309,92.8,98.0,1.75,239,92.7,97.3,88.3,0,3,13.7,24.5,Watch,Monitor trend,Synthetic - portfolio illustration only
C110,Chennai,Tamil Nadu,2026-05-03,NEET-UG-style centre day,283,95.2,87.3,4.11,190,92.2,96.5,99.1,3,5,13.6,34.2,High,Regional review,Synthetic - portfolio illustration only
C111,Kolkata,West Bengal,2026-05-03,NEET-UG-style centre day,288,89.9,84.3,5.51,49,90.9,96.7,98.0,2,3,10.3,27.2,Watch,Monitor trend,Synthetic - portfolio illustration only
C112,Lucknow,Uttar Pradesh,2026-05-07,NEET-UG-style centre day,503,92.6,95.9,2.94,77,89.7,92.0,99.3,1,1,5.4,19.9,Watch,Monitor trend,Synthetic - portfolio illustration only
C113,Jaipur,Rajasthan,2026-05-09,NEET-UG-style centre day,469,99.1,98.9,5.51,119,99.3,93.0,92.0,2,3,11.8,30.0,High,Regional review,Synthetic - portfolio illustration only
C114,Delhi,Delhi,2026-05-06,NEET-UG-style centre day,470,94.7,98.9,1.41,38,99.3,97.7,98.6,2,6,17.7,9.4,Low,Routine monitoring,Synthetic - portfolio illustration only
C115,Pune,Maharashtra,2026-05-06,NEET-UG-style centre day,419,96.5,92.7,5.86,9,96.6,90.9,87.0,3,9,11.4,24.5,Watch,Monitor trend,Synthetic - portfolio illustration only
C116,Pune,Maharashtra,2026-05-03,NEET-UG-style centre day,476,95.2,86.1,0.68,119,94.8,91.3,85.9,0,3,1,19.3,Watch,Monitor trend,Synthetic - portfolio illustration only
C117,Pune,Maharashtra,2026-05-10,NEET-UG-style centre day,496,98.8,86.7,1.52,156,88.1,92.8,91.9,3,10,13.3,26.6,Watch,Monitor trend,Synthetic - portfolio illustration only
C118,Hyderabad,Telangana,2026-05-07,NEET-UG-style centre day,468,96.8,93.2,2.06,65,97.3,92.9,86.8,0,6,3.6,16.6,Low,Routine monitoring,Synthetic - portfolio illustration only
C119,Lucknow,Uttar Pradesh,2026-05-08,NEET-UG-style centre day,410,94.4,96.1,3.38,52,90.8,97.2,97.1,6,11,18.6,20.2,Watch,Monitor trend,Synthetic - portfolio illustration only
C120,Kolkata,West Bengal,2026-05-06,NEET-UG-style centre day,426,98.3,84.3,0.81,238,98.5,95.5,93.5,0,0,7.4,23.4,Watch,Monitor trend,Synthetic - portfolio illustration only
C121,Delhi,Delhi,2026-05-03,NEET-UG-style centre day,489,98.1,90.1,0.66,60,98.0,95.7,91.5,2,7,12.4,12.3,Low,Routine monitoring,Synthetic - portfolio illustration only
C122,Lucknow,Uttar Pradesh,2026-05-09,NEET-UG-style centre day,497,93.4,97.6,0.89,78,98.3,93.2,94.6,4,9,16.7,13.7,Low,Routine monitoring,Synthetic - portfolio illustration only
C123,Patna,Bihar,2026-05-04,NEET-UG-style centre day,515,99.4,87.3,1.25,32,97.8,95.8,88.0,1,3,9.0,11.9,Low,Routine monitoring,Synthetic - portfolio illustration only
C124,Kolkata,West Bengal,2026-05-10,NEET-UG-style centre day,301,98.1,89.1,5.66,230,89.7,91.1,92.0,4,7,21.7,40.7,Critical,Immediate control review,Synthetic - portfolio illustration only
C125,Lucknow,Uttar Pradesh,2026-05-07,NEET-UG-style centre day,490,94.2,85.5,3.56,67,93.7,92.4,99.2,4,6,23.1,23.6,Watch,Monitor trend,Synthetic - portfolio illustration only
C126,Hyderabad,Telangana,2026-05-03,NEET-UG-style centre day,473,97.6,89.8,1.66,2,95.4,90.3,94.5,1,3,11.0,10.6,Low,Routine monitoring,Synthetic - portfolio illustration only
C127,Patna,Bihar,2026-05-06,NEET-UG-style centre day,496,92.2,85.3,2.7,43,98.7,99.1,91.0,0,5,6.4,16.6,Low,Routine monitoring,Synthetic - portfolio illustration only
C128,Chennai,Tamil Nadu,2026-05-07,NEET-UG-style centre day,340,98.8,98.2,3.32,40,94.1,90.6,95.4,6,15,20.2,19.5,Watch,Monitor trend,Synthetic - portfolio illustration only
C129,Chennai,Tamil Nadu,2026-05-03,NEET-UG-style centre day,522,90.7,85.0,3.73,122,90.9,90.5,89.8,3,6,11.3,30.4,High,Regional review,Synthetic - portfolio illustration only
C130,Kolkata,West Bengal,2026-05-05,NEET-UG-style centre day,521,90.0,99.5,3.9,77,93.9,97.2,86.7,1,3,4.9,21.6,Watch,Monitor trend,Synthetic - portfolio illustration only
C131,Patna,Bihar,2026-05-07,NEET-UG-style centre day,297,97.7,89.0,2.06,175,97.8,97.5,91.5,2,7,15.4,26.7,Watch,Monitor trend,Synthetic - portfolio illustration only
C132,Hyderabad,Telangana,2026-05-05,NEET-UG-style centre day,301,96.8,88.8,4.12,110,96.7,92.3,87.0,0,3,12.0,27.6,Watch,Monitor trend,Synthetic - portfolio illustration only
C133,Patna,Bihar,2026-05-08,NEET-UG-style centre day,525,92.1,92.8,3.19,210,95.9,90.3,93.8,0,2,12.9,30.0,High,Regional review,Synthetic - portfolio illustration only
C134,Kolkata,West Bengal,2026-05-05,NEET-UG-style centre day,520,93.6,84.1,0.39,183,91.2,90.7,97.4,2,6,15.8,24.8,Watch,Monitor trend,Synthetic - portfolio illustration only
C135,Kolkata,West Bengal,2026-05-06,NEET-UG-style centre day,324,93.2,92.8,0.27,133,92.5,92.0,94.7,0,0,2.5,17.1,Low,Routine monitoring,Synthetic - portfolio illustration only
C136,Delhi,Delhi,2026-05-09,NEET-UG-style centre day,501,95.0,88.6,5.43,126,90.3,91.4,97.6,2,5,8.5,34.0,High,Regional review,Synthetic - portfolio illustration only
C137,Hyderabad,Telangana,2026-05-10,NEET-UG-style centre day,325,89.1,85.2,1.45,226,92.1,99.4,96.1,2,4,21.2,26.1,Watch,Monitor trend,Synthetic - portfolio illustration only
C138,Hyderabad,Telangana,2026-05-08,NEET-UG-style centre day,306,98.8,82.5,0.33,171,92.9,98.5,97.1,2,4,8.5,22.5,Watch,Monitor trend,Synthetic - portfolio illustration only
C139,Kolkata,West Bengal,2026-05-09,NEET-UG-style centre day,513,90.1,93.1,0.91,8,93.7,98.1,92.6,0,4,1.1,7.2,Low,Routine monitoring,Synthetic - portfolio illustration only
C140,Chennai,Tamil Nadu,2026-05-04,NEET-UG-style centre day,438,90.0,84.4,5.08,186,96.6,92.9,93.6,1,5,10.9,37.5,Critical,Immediate control review,Synthetic - portfolio illustration only
C141,Bengaluru,Karnataka,2026-05-10,NEET-UG-style centre day,356,92.5,97.8,3.22,179,89.3,90.2,96.7,2,5,11.7,30.5,High,Regional review,Synthetic - portfolio illustration only
C142,Pune,Maharashtra,2026-05-09,NEET-UG-style centre day,513,90.0,92.1,5.05,190,90.3,97.8,98.1,1,1,1.9,35.3,Critical,Immediate control review,Synthetic - portfolio illustration only
C143,Jaipur,Rajasthan,2026-05-04,NEET-UG-style centre day,369,98.5,92.9,0.65,208,97.2,100.0,94.1,1,4,7.7,21.0,Watch,Monitor trend,Synthetic - portfolio illustration only
C144,Pune,Maharashtra,2026-05-03,NEET-UG-style centre day,455,89.1,88.6,2.46,182,95.0,96.3,94.9,0,2,5.5,27.8,Watch,Monitor trend,Synthetic - portfolio illustration only
C145,Bengaluru,Karnataka,2026-05-08,NEET-UG-style centre day,375,96.8,91.5,2.06,204,95.7,90.6,89.6,1,2,7.1,27.5,Watch,Monitor trend,Synthetic - portfolio illustration only
C146,Mumbai,Maharashtra,2026-05-07,NEET-UG-style centre day,548,90.6,97.3,4.22,32,94.4,92.4,97.7,1,6,14.0,19.1,Watch,Monitor trend,Synthetic - portfolio illustration only
C147,Lucknow,Uttar Pradesh,2026-05-09,NEET-UG-style centre day,431,89.4,94.5,3.32,175,97.9,90.8,97.9,4,9,15.2,30.5,High,Regional review,Synthetic - portfolio illustration only
C148,Chennai,Tamil Nadu,2026-05-09,NEET-UG-style centre day,444,94.4,96.5,2.75,161,88.6,98.2,94.5,5,9,14.2,27.9,Watch,Monitor trend,Synthetic - portfolio illustration only
C149,Delhi,Delhi,2026-05-05,NEET-UG-style centre day,468,96.6,82.1,5.68,34,99.7,93.8,93.8,3,5,10.1,26.7,Watch,Monitor trend,Synthetic - portfolio illustration only
C150,Bengaluru,Karnataka,2026-05-05,NEET-UG-style centre day,393,94.6,93.9,4.68,195,95.5,97.1,96.6,5,10,19.4,34.9,High,Regional review,Synthetic - portfolio illustration only
C151,Bengaluru,Karnataka,2026-05-06,NEET-UG-style centre day,559,99.4,89.2,3.63,125,88.4,98.6,93.4,4,11,23.2,28.9,High,Regional review,Synthetic - portfolio illustration only
C152,Delhi,Delhi,2026-05-09,NEET-UG-style centre day,311,94.0,85.9,2.07,157,93.6,98.6,96.6,2,6,13.8,25.8,Watch,Monitor trend,Synthetic - portfolio illustration only
C153,Mumbai,Maharashtra,2026-05-05,NEET-UG-style centre day,494,92.6,89.8,5.0,8,88.3,92.9,96.1,6,13,28.5,23.9,Watch,Monitor trend,Synthetic - portfolio illustration only
C154,Patna,Bihar,2026-05-05,NEET-UG-style centre day,492,92.5,95.1,5.45,224,92.3,93.1,99.1,3,10,10.3,37.4,Critical,Immediate control review,Synthetic - portfolio illustration only
C155,Chennai,Tamil Nadu,2026-05-06,NEET-UG-style centre day,378,92.8,96.3,1.54,231,94.8,91.4,86.6,4,11,11.8,26.6,Watch,Monitor trend,Synthetic - portfolio illustration only
C156,Chennai,Tamil Nadu,2026-05-06,NEET-UG-style centre day,371,92.5,85.8,4.66,50,95.7,91.4,93.7,2,5,5.3,25.0,Watch,Monitor trend,Synthetic - portfolio illustration only
C157,Lucknow,Uttar Pradesh,2026-05-09,NEET-UG-style centre day,470,93.3,89.3,3.08,212,95.5,94.7,86.2,1,3,6.3,30.8,High,Regional review,Synthetic - portfolio illustration only
C158,Bengaluru,Karnataka,2026-05-04,NEET-UG-style centre day,493,91.3,88.1,1.2,181,92.3,98.6,98.5,2,5,8.5,24.7,Watch,Monitor trend,Synthetic - portfolio illustration only
C159,Mumbai,Maharashtra,2026-05-04,NEET-UG-style centre day,517,89.7,89.1,4.15,225,93.6,95.9,88.1,2,10,5.6,34.8,High,Regional review,Synthetic - portfolio illustration only
C160,Lucknow,Uttar Pradesh,2026-05-10,NEET-UG-style centre day,431,95.8,93.2,1.32,136,93.9,98.7,91.3,0,1,1,19.5,Watch,Monitor trend,Synthetic - portfolio illustration only
C161,Lucknow,Uttar Pradesh,2026-05-06,NEET-UG-style centre day,403,90.3,84.0,3.95,234,95.9,91.8,94.3,1,0,15.6,34.1,High,Regional review,Synthetic - portfolio illustration only
C162,Bengaluru,Karnataka,2026-05-05,NEET-UG-style centre day,536,94.7,88.6,3.67,187,95.7,98.1,86.5,1,6,6.8,32.3,High,Regional review,Synthetic - portfolio illustration only
C163,Pune,Maharashtra,2026-05-07,NEET-UG-style centre day,412,93.9,84.4,1.17,110,93.6,95.0,95.0,4,13,15.6,21.0,Watch,Monitor trend,Synthetic - portfolio illustration only
C164,Bengaluru,Karnataka,2026-05-09,NEET-UG-style centre day,388,90.7,98.6,2.01,172,97.4,97.7,91.5,1,7,1.0,23.9,Watch,Monitor trend,Synthetic - portfolio illustration only
C165,Lucknow,Uttar Pradesh,2026-05-05,NEET-UG-style centre day,351,94.0,86.7,2.86,40,89.6,91.7,87.3,1,3,13.5,19.6,Watch,Monitor trend,Synthetic - portfolio illustration only
C166,Jaipur,Rajasthan,2026-05-03,NEET-UG-style centre day,305,95.9,84.1,1.9,161,98.9,93.5,97.9,3,8,19.6,26.3,Watch,Monitor trend,Synthetic - portfolio illustration only
C167,Bengaluru,Karnataka,2026-05-10,NEET-UG-style centre day,442,90.1,92.5,1.34,4,97.2,93.9,91.3,2,9,10.1,9.4,Low,Routine monitoring,Synthetic - portfolio illustration only
C168,Lucknow,Uttar Pradesh,2026-05-03,NEET-UG-style centre day,369,92.3,95.6,1.08,127,99.7,95.5,95.8,1,4,5.6,17.2,Low,Routine monitoring,Synthetic - portfolio illustration only
C169,Kolkata,West Bengal,2026-05-07,NEET-UG-style centre day,520,91.4,95.8,2.45,167,93.9,91.9,94.9,1,4,4.0,26.4,Watch,Monitor trend,Synthetic - portfolio illustration only
C170,Hyderabad,Telangana,2026-05-10,NEET-UG-style centre day,536,89.5,89.1,5.76,205,98.4,93.9,86.2,1,3,4.7,38.5,Critical,Immediate control review,Synthetic - portfolio illustration only
C171,Pune,Maharashtra,2026-05-08,NEET-UG-style centre day,498,90.5,87.6,1.06,29,92.7,91.3,97.3,4,11,10.7,13.2,Low,Routine monitoring,Synthetic - portfolio illustration only
C172,Pune,Maharashtra,2026-05-07,NEET-UG-style centre day,492,96.7,92.1,2.09,93,97.5,90.4,94.2,0,1,16.7,18.8,Watch,Monitor trend,Synthetic - portfolio illustration only
C173,Jaipur,Rajasthan,2026-05-09,NEET-UG-style centre day,311,93.9,85.7,5.53,46,97.6,96.8,88.6,3,7,13.7,27.0,Watch,Monitor trend,Synthetic - portfolio illustration only
C174,Jaipur,Rajasthan,2026-05-10,NEET-UG-style centre day,461,96.5,88.2,5.94,191,95.9,94.1,87.2,4,8,16.7,40.7,Critical,Immediate control review,Synthetic - portfolio illustration only
C175,Patna,Bihar,2026-05-10,NEET-UG-style centre day,398,89.4,98.5,4.05,129,96.4,90.9,98.6,0,0,9.1,26.1,Watch,Monitor trend,Synthetic - portfolio illustration only
C176,Lucknow,Uttar Pradesh,2026-05-05,NEET-UG-style centre day,454,95.4,87.0,2.21,69,97.7,92.1,93.5,5,12,14.0,20.0,Watch,Monitor trend,Synthetic - portfolio illustration only
C177,Delhi,Delhi,2026-05-10,NEET-UG-style centre day,313,90.5,92.5,5.34,142,91.2,91.8,90.8,3,10,3.3,35.3,Critical,Immediate control review,Synthetic - portfolio illustration only
C178,Chennai,Tamil Nadu,2026-05-03,NEET-UG-style centre day,322,97.5,87.5,5.46,39,96.8,94.6,95.7,1,3,19.0,24.8,Watch,Monitor trend,Synthetic - portfolio illustration only
C179,Kolkata,West Bengal,2026-05-09,NEET-UG-style centre day,446,96.6,94.8,0.66,11,92.5,98.2,91.5,5,11,20.4,8.4,Low,Routine monitoring,Synthetic - portfolio illustration only
C180,Mumbai,Maharashtra,2026-05-06,NEET-UG-style centre day,437,89.2,87.1,5.96,77,92.3,99.0,87.5,3,8,24.9,31.4,High,Regional review,Synthetic - portfolio illustration only
C181,Pune,Maharashtra,2026-05-10,NEET-UG-style centre day,439,90.1,89.6,2.08,194,93.2,94.1,91.9,1,2,9.7,27.6,Watch,Monitor trend,Synthetic - portfolio illustration only
C182,Delhi,Delhi,2026-05-06,NEET-UG-style centre day,368,94.8,92.1,2.51,175,94.2,96.4,94.9,1,2,14.4,27.2,Watch,Monitor trend,Synthetic - portfolio illustration only
C183,Jaipur,Rajasthan,2026-05-06,NEET-UG-style centre day,412,92.8,86.4,3.45,14,93.6,98.0,90.3,2,4,7.0,17.5,Low,Routine monitoring,Synthetic - portfolio illustration only
C184,Chennai,Tamil Nadu,2026-05-08,NEET-UG-style centre day,456,98.0,82.6,2.05,176,96.3,98.8,88.8,0,1,7.6,27.4,Watch,Monitor trend,Synthetic - portfolio illustration only
C185,Kolkata,West Bengal,2026-05-06,NEET-UG-style centre day,362,96.5,82.9,3.07,93,93.1,95.9,97.0,0,2,7.5,23.4,Watch,Monitor trend,Synthetic - portfolio illustration only
C186,Jaipur,Rajasthan,2026-05-06,NEET-UG-style centre day,323,95.8,91.4,2.87,41,94.8,98.7,92.9,6,14,21.3,18.4,Watch,Monitor trend,Synthetic - portfolio illustration only
C187,Bengaluru,Karnataka,2026-05-09,NEET-UG-style centre day,447,93.4,95.7,4.56,155,90.1,93.8,96.2,1,3,13.3,31.8,High,Regional review,Synthetic - portfolio illustration only
C188,Mumbai,Maharashtra,2026-05-10,NEET-UG-style centre day,464,98.4,95.5,0.52,120,89.9,94.6,86.2,3,12,26.1,18.5,Watch,Monitor trend,Synthetic - portfolio illustration only
C189,Pune,Maharashtra,2026-05-05,NEET-UG-style centre day,512,94.5,92.7,3.96,111,94.9,90.3,87.6,2,8,5.2,27.9,Watch,Monitor trend,Synthetic - portfolio illustration only
C190,Patna,Bihar,2026-05-09,NEET-UG-style centre day,362,92.4,89.8,3.75,171,98.2,93.3,87.1,2,7,13.8,32.2,High,Regional review,Synthetic - portfolio illustration only
C191,Kolkata,West Bengal,2026-05-07,NEET-UG-style centre day,467,96.8,84.7,3.02,49,96.8,92.5,88.6,2,7,16.8,20.5,Watch,Monitor trend,Synthetic - portfolio illustration only
C192,Chennai,Tamil Nadu,2026-05-03,NEET-UG-style centre day,398,93.5,99.3,2.38,143,97.7,97.4,91.9,1,2,7.3,21.9,Watch,Monitor trend,Synthetic - portfolio illustration only
C193,Kolkata,West Bengal,2026-05-03,NEET-UG-style centre day,386,95.3,89.7,0.53,180,91.9,98.6,93.6,3,5,12.7,23.1,Watch,Monitor trend,Synthetic - portfolio illustration only
C194,Mumbai,Maharashtra,2026-05-05,NEET-UG-style centre day,483,98.7,87.1,0.35,80,97.4,97.8,89.4,1,1,8.9,13.0,Low,Routine monitoring,Synthetic - portfolio illustration only
C195,Kolkata,West Bengal,2026-05-04,NEET-UG-style centre day,342,90.5,89.8,3.2,184,94.3,99.9,92.9,1,5,1,30.0,High,Regional review,Synthetic - portfolio illustration only
C196,Kolkata,West Bengal,2026-05-04,NEET-UG-style centre day,389,95.7,87.5,1.19,97,98.3,98.7,91.9,0,0,8.6,16.1,Low,Routine monitoring,Synthetic - portfolio illustration only
C197,Pune,Maharashtra,2026-05-06,NEET-UG-style centre day,295,97.3,88.1,0.56,239,97.0,90.8,88.0,0,4,15.1,23.5,Watch,Monitor trend,Synthetic - portfolio illustration only
C198,Chennai,Tamil Nadu,2026-05-08,NEET-UG-style centre day,362,92.7,86.8,4.25,136,88.1,93.0,98.1,0,2,4.4,31.1,High,Regional review,Synthetic - portfolio illustration only
C199,Kolkata,West Bengal,2026-05-07,NEET-UG-style centre day,396,94.7,99.4,4.9,122,91.3,90.6,89.5,4,10,18.0,31.3,High,Regional review,Synthetic - portfolio illustration only
C200,Mumbai,Maharashtra,2026-05-08,NEET-UG-style centre day,492,93.6,92.7,1.56,10,94.2,92.1,85.0,0,2,1,10.7,Low,Routine monitoring,Synthetic - portfolio illustration only
C201,Lucknow,Uttar Pradesh,2026-05-09,NEET-UG-style centre day,365,95.6,99.1,4.37,80,89.3,95.3,99.4,5,12,19.8,25.2,Watch,Monitor trend,Synthetic - portfolio illustration only
C202,Jaipur,Rajasthan,2026-05-06,NEET-UG-style centre day,348,96.7,93.3,0.18,163,91.5,92.5,86.8,1,7,8.0,20.9,Watch,Monitor trend,Synthetic - portfolio illustration only
C203,Chennai,Tamil Nadu,2026-05-05,NEET-UG-style centre day,308,96.1,98.6,4.47,98,93.6,95.2,90.8,1,3,14.3,25.5,Watch,Monitor trend,Synthetic - portfolio illustration only
C204,Kolkata,West Bengal,2026-05-05,NEET-UG-style centre day,552,93.0,98.9,2.44,0,99.2,99.3,89.8,6,13,27.8,11.2,Low,Routine monitoring,Synthetic - portfolio illustration only
C205,Pune,Maharashtra,2026-05-09,NEET-UG-style centre day,489,97.0,86.8,3.42,145,96.9,91.6,94.3,0,1,1.8,28.4,High,Regional review,Synthetic - portfolio illustration only
C206,Patna,Bihar,2026-05-03,NEET-UG-style centre day,335,92.7,93.4,0.17,20,99.7,93.3,95.4,2,6,19.5,6.2,Low,Routine monitoring,Synthetic - portfolio illustration only
C207,Hyderabad,Telangana,2026-05-04,NEET-UG-style centre day,375,89.9,85.4,2.68,27,89.8,98.6,85.3,1,6,10.6,17.4,Low,Routine monitoring,Synthetic - portfolio illustration only
C208,Pune,Maharashtra,2026-05-09,NEET-UG-style centre day,539,97.2,94.3,1.17,62,94.8,97.1,91.9,3,8,14.5,13.6,Low,Routine monitoring,Synthetic - portfolio illustration only
C209,Patna,Bihar,2026-05-05,NEET-UG-style centre day,452,92.1,83.5,5.13,86,98.5,97.2,95.8,5,10,17.1,29.8,High,Regional review,Synthetic - portfolio illustration only
C210,Jaipur,Rajasthan,2026-05-08,NEET-UG-style centre day,463,89.2,90.3,0.51,132,98.6,99.7,97.2,5,9,22.2,17.9,Low,Routine monitoring,Synthetic - portfolio illustration only
C211,Chennai,Tamil Nadu,2026-05-10,NEET-UG-style centre day,414,89.6,86.4,2.4,172,88.0,96.6,91.2,2,4,4.6,29.5,High,Regional review,Synthetic - portfolio illustration only
C212,Pune,Maharashtra,2026-05-10,NEET-UG-style centre day,360,98.8,95.8,1.97,127,91.4,90.1,98.7,3,9,9.8,22.7,Watch,Monitor trend,Synthetic - portfolio illustration only
C213,Jaipur,Rajasthan,2026-05-04,NEET-UG-style centre day,296,90.2,87.0,4.18,52,93.8,96.9,99.1,5,12,13.5,23.8,Watch,Monitor trend,Synthetic - portfolio illustration only
C214,Mumbai,Maharashtra,2026-05-05,NEET-UG-style centre day,419,94.5,91.7,4.83,145,99.4,99.6,87.6,1,4,9.7,30.9,High,Regional review,Synthetic - portfolio illustration only
C215,Mumbai,Maharashtra,2026-05-07,NEET-UG-style centre day,382,92.9,98.6,0.98,73,99.8,93.0,90.8,0,4,4.9,11.9,Low,Routine monitoring,Synthetic - portfolio illustration only
C216,Bengaluru,Karnataka,2026-05-07,NEET-UG-style centre day,489,94.2,85.8,3.6,53,94.5,96.9,93.5,4,8,21.6,22.2,Watch,Monitor trend,Synthetic - portfolio illustration only
C217,Delhi,Delhi,2026-05-05,NEET-UG-style centre day,473,98.5,97.7,1.81,137,99.5,95.4,90.0,0,2,16.1,19.9,Watch,Monitor trend,Synthetic - portfolio illustration only
C218,Hyderabad,Telangana,2026-05-06,NEET-UG-style centre day,316,91.2,84.9,1.78,48,90.4,99.1,94.8,2,13,17.1,16.6,Low,Routine monitoring,Synthetic - portfolio illustration only
C219,Kolkata,West Bengal,2026-05-08,NEET-UG-style centre day,536,96.8,89.5,1.03,163,95.6,96.1,91.2,0,1,5.1,22.0,Watch,Monitor trend,Synthetic - portfolio illustration only
C220,Mumbai,Maharashtra,2026-05-10,NEET-UG-style centre day,385,98.5,91.3,3.0,67,93.1,96.6,92.0,1,5,12.1,19.8,Watch,Monitor trend,Synthetic - portfolio illustration only
C221,Kolkata,West Bengal,2026-05-04,NEET-UG-style centre day,337,99.4,93.2,5.59,0,99.1,96.5,86.0,0,3,1,20.3,Watch,Monitor trend,Synthetic - portfolio illustration only
C222,Mumbai,Maharashtra,2026-05-09,NEET-UG-style centre day,533,90.5,95.5,5.73,42,95.0,93.5,88.6,3,5,7.9,25.8,Watch,Monitor trend,Synthetic - portfolio illustration only
C223,Patna,Bihar,2026-05-06,NEET-UG-style centre day,354,89.1,91.9,4.9,218,95.0,95.3,89.0,1,6,1,35.7,Critical,Immediate control review,Synthetic - portfolio illustration only
C224,Hyderabad,Telangana,2026-05-06,NEET-UG-style centre day,533,92.0,83.6,0.23,176,97.1,96.6,95.7,2,9,14.3,22.5,Watch,Monitor trend,Synthetic - portfolio illustration only
C225,Kolkata,West Bengal,2026-05-06,NEET-UG-style centre day,469,91.7,95.0,1.48,102,92.4,94.1,89.3,2,9,12.1,18.9,Watch,Monitor trend,Synthetic - portfolio illustration only
C226,Chennai,Tamil Nadu,2026-05-03,NEET-UG-style centre day,431,91.5,84.6,5.59,213,94.5,92.1,86.0,3,9,10.9,40.9,Critical,Immediate control review,Synthetic - portfolio illustration only
C227,Bengaluru,Karnataka,2026-05-10,NEET-UG-style centre day,496,98.7,83.4,0.69,130,88.8,92.7,90.9,6,14,31.3,23.6,Watch,Monitor trend,Synthetic - portfolio illustration only
C228,Chennai,Tamil Nadu,2026-05-07,NEET-UG-style centre day,345,92.9,99.0,3.56,143,95.5,97.5,87.7,0,5,1,26.1,Watch,Monitor trend,Synthetic - portfolio illustration only
C229,Patna,Bihar,2026-05-09,NEET-UG-style centre day,537,91.8,91.8,1.59,56,98.2,90.4,91.4,3,6,7.1,15.3,Low,Routine monitoring,Synthetic - portfolio illustration only
C230,Pune,Maharashtra,2026-05-05,NEET-UG-style centre day,487,95.2,92.3,2.05,72,95.1,91.0,98.5,3,8,15.2,18.0,Watch,Monitor trend,Synthetic - portfolio illustration only
C231,Chennai,Tamil Nadu,2026-05-10,NEET-UG-style centre day,351,97.7,97.1,1.56,50,96.0,99.2,91.7,0,1,6.0,11.3,Low,Routine monitoring,Synthetic - portfolio illustration only
C232,Pune,Maharashtra,2026-05-10,NEET-UG-style centre day,469,95.9,84.2,5.77,228,94.7,96.0,98.5,1,5,7.9,39.1,Critical,Immediate control review,Synthetic - portfolio illustration only
C233,Lucknow,Uttar Pradesh,2026-05-09,NEET-UG-style centre day,389,98.0,87.4,3.67,49,90.6,95.7,94.7,1,3,1,21.3,Watch,Monitor trend,Synthetic - portfolio illustration only
C234,Patna,Bihar,2026-05-06,NEET-UG-style centre day,412,93.0,99.7,0.55,48,97.3,98.9,96.5,2,8,17.0,8.0,Low,Routine monitoring,Synthetic - portfolio illustration only
C235,Delhi,Delhi,2026-05-10,NEET-UG-style centre day,484,91.0,97.8,5.51,172,94.2,96.5,89.7,0,0,1,34.6,High,Regional review,Synthetic - portfolio illustration only
C236,Bengaluru,Karnataka,2026-05-05,NEET-UG-style centre day,284,98.9,86.3,3.89,88,88.8,92.1,91.9,1,5,9.2,26.9,Watch,Monitor trend,Synthetic - portfolio illustration only
C237,Jaipur,Rajasthan,2026-05-08,NEET-UG-style centre day,364,98.4,98.3,3.11,187,88.5,90.2,88.5,0,3,9.4,30.3,High,Regional review,Synthetic - portfolio illustration only
C238,Kolkata,West Bengal,2026-05-08,NEET-UG-style centre day,442,89.1,99.0,5.4,57,89.3,93.2,86.1,4,7,16.1,27.0,Watch,Monitor trend,Synthetic - portfolio illustration only
C239,Patna,Bihar,2026-05-06,NEET-UG-style centre day,473,91.8,84.5,2.75,206,98.3,96.9,94.2,1,4,15.3,29.5,High,Regional review,Synthetic - portfolio illustration only
C240,Bengaluru,Karnataka,2026-05-05,NEET-UG-style centre day,454,93.5,96.0,2.5,154,91.6,93.0,87.4,6,11,20.6,28.0,High,Regional review,Synthetic - portfolio illustration only
